1,Delectus,2.0,"2016-05-04 00:00:00","Ipsam recusandae atque. Totam et ea aspernatur dolor sit nemo ipsa. Quia saepe quae expedita ipsum sit similique fuga. Eos odio beatae. Fugiat molestias dolor quaerat cumque qui eligendi ipsum. Ut inventore consequuntur cupiditate dolore aut saepe. Rerum adipisci ut excepturi. Aut molestiae quis nulla. Est eaque magnam sed quaerat similique. Neque numquam recusandae et voluptas non. Doloremque harum rerum accusantium. Quod cum autem nihil impedit officia sit. Et sapiente ea nisi pariatur.",2866839,5086,"Lorenza Mayer",1.7,"2019-01-28 04:11:17.892106","2019-01-28 04:11:17.892106"
2,"Ipsa consequatur saepe perspiciatis",1.0,"2017-09-29 00:00:00","Eius eum et voluptatem error cupiditate perspiciatis ut. Laboriosam dolorum sunt enim et. Sapiente nulla voluptas voluptas. Doloribus molestiae ad eaque id commodi. Dolore mollitia est exercitationem. Quidem sint fugiat ut a. Reiciendis rerum quam consequatur magnam. Quaerat quisquam voluptates repellat eligendi ut vero nulla. Error deleniti repellendus ipsa accusamus dolores deserunt. Animi temporibus quia quo deleniti odio sed. Quo recusandae laboriosam labore dolor nemo. Nam unde est consectetur labore. Iste nostrum libero enim sunt velit impedit molestiae. Sed autem assumenda. Et laudantium aut quis non. Nihil autem aperiam aut nostrum molestias qui commodi.",1668523,3012,Jones-Boyer,8.22,"2019-01-28 04:11:17.896230","2019-01-28 04:11:17.896230"
3,"Quisquam impedit dignissimos similique",3.0,"2018-08-27 00:00:00","Rerum iusto aspernatur explicabo qui. Quia laudantium sit nemo dolorem. Dolor quia voluptatem quis eius illum non numquam. Ut alias ducimus autem. Sapiente exercitationem voluptatem aliquid. Odit odio quis totam quas recusandae. Et quos optio. Et aliquam molestiae repellat doloremque tenetur. Ut quo quia et.",5404260,7724,"Rohan, Koepp and Ziemann",0.79,"2019-01-28 04:11:17.899496","2019-01-28 04:11:17.899496"
4,"Eum delectus dignissimos eaque",1.0,"2016-10-15 00:00:00","Quis animi officiis cumque dicta et saepe. Et tenetur neque totam voluptatem repellat dicta quasi. Dolorem autem iure similique iusto voluptas repellendus voluptate. Alias tenetur perferendis accusamus omnis fugiat consequatur suscipit. Omnis sunt rerum veritatis rerum molestiae assumenda optio. Unde non corporis. Excepturi reiciendis consequatur quasi ipsa quisquam ut. Pariatur explicabo quia. Ea magnam totam aut nemo laudantium distinctio.",8185146,1753,Pollich-Krajcik,4.4,"2019-01-28 04:11:17.902604","2019-01-28 04:11:17.902604"
5,"Natus et quasi",3.0,"2014-04-08 00:00:00","Delectus aliquid aut vel dolorum nulla. Dolores deleniti incidunt cupiditate nobis. Officiis voluptatibus numquam laboriosam aliquam ad inventore. Et qui vel cumque quisquam. Est totam blanditiis sequi hic rem iusto. Sint error consequatur molestiae. Voluptas consequatur velit. Dignissimos ipsa id sunt iure et. Voluptate eum non placeat. Ipsa aut dolor eaque. Vero error dicta enim voluptatem harum dolorem. Et assumenda repudiandae dolor molestiae sed libero sed. Nisi reprehenderit eos recusandae suscipit tempora ipsum. Odit minima nemo neque et. Ex et libero eveniet non deleniti et architecto.",775030,5546,"Lafayette Stark",9.1,"2019-01-28 04:11:17.909121","2019-01-28 04:11:17.909121"
6,"Maxime quaerat odio consequatur",1.0,"2018-08-16 00:00:00","Labore inventore vel quis fuga. Velit non eos aspernatur quaerat. Molestias sed corrupti. Culpa dolorem qui. Eos autem est quia sit eveniet sed. Et fuga quia inventore. Quia odio asperiores esse dolore nihil. Corporis vitae hic suscipit quam non molestias. Voluptatem voluptatem ut a ab aut. Laborum dignissimos ipsam nisi officiis. Rerum assumenda laudantium sint necessitatibus eius omnis qui. Beatae doloremque odit est eum quae aut. Sapiente est non deserunt expedita nam est consequatur. Ut possimus fuga at repudiandae eius perferendis accusamus. Non quidem ipsum similique sed maiores aut. Voluptas iure aliquam eius veniam eaque autem. Ipsa debitis molestias qui. Est quae iure nihil similique quam.",1270510,6401,"Bradley Fritsch II",0.59,"2019-01-28 04:11:17.914614","2019-01-28 04:11:17.914614"
7,"Consequuntur perspiciatis",4.0,"2016-08-18 00:00:00","Earum et autem molestiae. Voluptate harum occaecati. Eaque aut minima doloremque eos repellendus. Odit sequi adipisci. Ut corporis sunt et ea harum ut. Id rerum beatae. Ipsum ratione qui perspiciatis voluptates et. Molestiae omnis qui quisquam adipisci dolorum praesentium aut. Voluptatum in qui aut magnam numquam enim. Dolorem molestias aliquam vel atque consequatur. Quos voluptates dolor neque eos. Corrupti natus laboriosam qui ullam possimus officia. Quidem voluptates quasi vitae consequuntur eveniet. Ex laudantium atque. Aliquid occaecati ut ducimus alias quo et. Itaque veritatis nesciunt illum quam eum odit. Vel ducimus id distinctio eos. Minus voluptatibus qui dignissimos placeat magnam. Officiis autem itaque. Voluptatum a esse qui tenetur sunt doloremque.",9532405,1491,"Onie Runolfsdottir",0.9,"2019-01-28 04:11:17.920937","2019-01-28 04:11:17.920937"
8,"Autem quo aliquam",5.0,"2018-09-21 00:00:00","Excepturi sed officiis aut dolorem voluptates. Enim itaque cum. Et labore enim ipsum. Eum dolorum consequatur deleniti corrupti cupiditate sunt consequatur. Dolores sunt ea vel sapiente laborum. Consectetur ipsum dolorem. Delectus non hic saepe cupiditate aut nam. Maiores cumque rerum rerum consectetur et. Placeat distinctio pariatur. Ea nesciunt aut consectetur ad amet et. Sed molestias reprehenderit placeat ea expedita dolor culpa. In est ipsum aspernatur non. Ducimus nihil qui porro quo architecto dolor. Et ad qui dignissimos id provident rerum. Officiis ea a occaecati et aperiam quia. Dignissimos soluta voluptatem et dolorum. Voluptates enim sit modi tempore quisquam deserunt dolorem. Quibusdam et autem. Asperiores saepe vitae et reiciendis explicabo tenetur. Aut facere tenetur.",6185530,9933,"Schuppe Group",8.8,"2019-01-28 04:11:17.926519","2019-01-28 04:11:17.926519"
9,"Tempore delectus dolorem",5.0,"2014-10-16 00:00:00","Eligendi tempora atque ipsam aliquid saepe sint. Autem sint quisquam. Sed corporis consequatur. Quia nihil nesciunt perferendis. A est accusamus occaecati delectus molestiae. Quod quo eos nisi iste nostrum. Corrupti est provident eos excepturi ipsum sit vero. Nostrum voluptatem aliquid inventore non. Sunt ut beatae voluptatem repellendus ut. Sed vitae autem similique omnis et. Impedit est culpa enim omnis dicta non. Ullam ipsa sed saepe aut qui.",7763446,1099,"Rath and Sons",5.9,"2019-01-28 04:11:17.931241","2019-01-28 04:11:17.931241"
10,"Quidem amet",2.0,"2016-07-21 00:00:00","Laborum rerum aut cupiditate. Tempore aut est sunt vel culpa. Consectetur aspernatur modi quas animi quo enim. Optio recusandae numquam. Veritatis consequatur voluptatum sit. Et ipsum qui aut.",8767769,1895,"Ullrich and Sons",0.1,"2019-01-28 04:11:17.935245","2019-01-28 04:11:17.935245"
11,"Sequi nemo veritatis animi",2.0,"2018-09-20 00:00:00","Consequuntur eligendi provident repudiandae aut eos accusantium rerum. Laborum minima quia nam sit cumque. Repellendus adipisci consequatur. Quia ut numquam rerum quia rerum. Voluptatem omnis in ut nostrum minus suscipit. Omnis ut sunt ratione velit consequatur aut. Quis temporibus harum voluptates non. Iusto officia itaque velit. Illo ea eum quos distinctio corporis illum. Ut ullam qui dolorem et. Nesciunt enim ipsam ut aut explicabo voluptas. Iusto qui est ut consectetur vel aperiam. Mollitia totam et. Ipsam quis ratione est voluptatem repellat neque architecto. Tempore consectetur dolores natus repudiandae. Odio qui similique et et.",7087345,6875,"Leffler, Reichel and Klocko",0.9,"2019-01-28 04:11:17.941987","2019-01-28 04:11:17.941987"
12,"Tempora voluptates iste",1.0,"2018-07-04 00:00:00","Sunt autem magni quia et. Eligendi consequatur quod quibusdam et quo facilis molestiae. Animi itaque labore. Voluptatem facere non. Illum consequatur consequatur enim itaque voluptate facilis. Nulla excepturi vel. Hic minima maxime ex omnis et. Laborum saepe quis nulla omnis excepturi sit. Itaque non ut illum voluptate. Cumque inventore sunt qui corrupti. Mollitia incidunt et est itaque. Quibusdam nihil ducimus impedit qui voluptas aperiam.",8562218,6098,Bednar-Gislason,0.4,"2019-01-28 04:11:17.948130","2019-01-28 04:11:17.948130"
13,"Autem commodi expedita architecto",2.0,"2016-10-29 00:00:00","Cupiditate eum eius dolor corrupti. Atque quibusdam mollitia dignissimos. Eligendi et esse sapiente nostrum magnam laboriosam. Consequatur tempore iure qui amet est. Omnis recusandae ad vero rem. Quae quo sint consequatur quia atque ullam praesentium. Ipsam aut et assumenda et dolorum perferendis. Adipisci velit sequi excepturi velit reprehenderit delectus. Modi vitae consequatur et omnis ab voluptas. Porro ex blanditiis qui sed est aperiam. Incidunt tempore qui repellat at omnis velit sunt. Molestiae quaerat quia.",6540129,8959,"Rosemary Jones",0.49,"2019-01-28 04:11:17.953636","2019-01-28 04:11:17.953636"
14,"Exercitationem sunt",1.0,"2017-07-05 00:00:00","Debitis neque rerum animi. Aliquid beatae ipsum et natus est impedit. Magnam ex ut occaecati fuga. Dolores voluptatem repellat. Quae sequi soluta sed consequatur. Est fugit ut autem dolorem dolorum unde. Consectetur perferendis exercitationem vero provident vel tenetur nulla. Quaerat corrupti et officiis porro incidunt sed in. Officiis a architecto sed ut. Et sunt doloribus quidem voluptatem voluptate totam cumque. Quidem est sit. Occaecati rerum praesentium maxime et et voluptatum et. Recusandae consequatur in ut reprehenderit est soluta et. Doloribus illo cupiditate consequatur ducimus perspiciatis tempore. Dolorem amet hic est excepturi est laboriosam magnam. Et quo dicta ea tempora consequatur. Eos odio enim quam fugit. Itaque illo quis. Minus sit qui.",3129394,2066,"America Hammes DDS",4.08,"2019-01-28 04:11:17.958827","2019-01-28 04:11:17.958827"
15,Itaque,3.0,"2018-06-09 00:00:00","Alias asperiores vel aliquid corporis quis nam soluta. Ratione suscipit incidunt vero rerum error eos. Dolorem voluptatem hic expedita. Ut sunt aut enim perspiciatis debitis ullam cum. Voluptatum dolorem reiciendis dolor rerum. Explicabo magni praesentium velit repellendus dolores voluptas. Distinctio praesentium inventore libero qui consequuntur velit. Voluptas non qui et qui deleniti labore quia. Magni et similique.",5336921,1868,"Cullen Bechtelar",1.2,"2019-01-28 04:11:17.962251","2019-01-28 04:11:17.962251"
16,"Rem minima tenetur",5.0,"2014-09-03 00:00:00","Et repellat unde optio aut blanditiis quod. Vero alias itaque culpa temporibus a id id. Quia error saepe voluptas et ut praesentium quo. Ab id nulla saepe incidunt enim ratione. Qui quis animi error. Numquam repudiandae ipsum quo nesciunt quam eligendi sunt. Omnis eum corporis et voluptas delectus magnam. Quas amet dolor repellat laborum. Odit vero ab vitae dolorum. Esse eius enim dolore. Excepturi sit esse fugiat quia et doloribus. Aut asperiores minima. Voluptatem et ut amet tenetur minima praesentium excepturi. Consequuntur facilis dolor officia et. Libero sed ipsa ducimus eligendi distinctio fugit. Sequi iusto perferendis laborum. Quia rerum nam consequatur. Quia praesentium dolorum sit.",8220395,9169,"Mr. Kellen Gleason",4.9,"2019-01-28 04:11:17.965703","2019-01-28 04:11:17.965703"
17,"Voluptatem perspiciatis sit deserunt",5.0,"2016-08-30 00:00:00","Sint amet temporibus modi repudiandae rerum. Enim expedita quae iusto sit. Sunt cum in non nemo omnis. Doloribus explicabo et numquam eum officiis ratione ut. Architecto tempore labore eum autem dignissimos rem. Corporis exercitationem quod veniam sint eveniet qui illum. Sunt voluptas nihil earum. Dignissimos qui et officiis. Eius praesentium maiores similique non corporis. Dolor recusandae molestiae voluptatem et ducimus.",3298889,3180,"Cierra Morissette",5.1,"2019-01-28 04:11:17.969570","2019-01-28 04:11:17.969570"
18,"Aut facere saepe natus",3.0,"2014-09-01 00:00:00","Atque ea soluta laboriosam. Dolor inventore laudantium quas soluta. Placeat ipsam occaecati deleniti ratione dignissimos in eius. Consequuntur perspiciatis illum. Quod aut possimus totam similique cum. Et aut magnam facere quae velit. Ut et pariatur. Porro dignissimos eos velit totam. Esse aperiam voluptatibus deserunt repellendus sed. Laudantium et officiis. Omnis perspiciatis sint ab ratione. Voluptates non aliquid totam sequi. Doloribus dolorem laudantium vero dolores est. Ducimus exercitationem rerum sed velit quas eligendi officiis. Iusto placeat fuga ratione consequatur voluptas amet et. Vel eligendi corrupti perferendis laudantium. Ut modi quis harum dolor. Repudiandae voluptatem dolorem consequatur et fuga sed. Harum tempora exercitationem ipsum quis dicta. Dicta voluptates hic earum sit. Atque ad beatae illo ratione voluptate molestiae autem. Dolores voluptatem itaque. Iusto non consequuntur. Libero voluptatem eum.",2260908,3017,"Beer, Ledner and Kovacek",9.17,"2019-01-28 04:11:17.973562","2019-01-28 04:11:17.973562"
19,"Aliquam nulla",5.0,"2017-02-06 00:00:00","Quo neque iure est. Id non et. Incidunt voluptas sint deserunt sequi quia animi. Quo et aliquam totam. Atque aut at cum quos neque provident. Temporibus sit quas sint voluptatem ut cupiditate. Fugit perspiciatis facilis architecto quia voluptates. Non natus itaque assumenda. Quos aliquid voluptatum dolorum et omnis reiciendis qui. Quae tenetur velit fugit veniam. Velit reiciendis minus iste voluptas neque voluptatem similique. Ut cum facilis soluta sit fugiat. Odio unde architecto aut eos. Ducimus enim mollitia veniam temporibus est quos. Eos veniam rem perferendis quo. Accusantium quos velit repellat sed necessitatibus molestiae id. Sunt ea veritatis. Quia ducimus labore molestias fugit vel optio ullam.",5202703,3840,"Wiza Inc",5.83,"2019-01-28 04:11:17.977648","2019-01-28 04:11:17.977648"
20,"Maxime labore perspiciatis rerum",4.0,"2017-12-08 00:00:00","Doloribus est consequuntur sit dolorem et quibusdam. Et voluptatem quae. Ipsam aspernatur error dicta fuga. Facere accusantium et beatae voluptates nobis sed sed. Ut et omnis rerum nisi explicabo quidem. Eius eos perspiciatis molestiae. Perferendis nostrum aut ipsum quo aliquid est. Quo et voluptas quaerat minus. Sed magni mollitia. Eos provident sit sunt et qui voluptatem. Placeat iste qui labore dolorum occaecati rerum qui. Incidunt magnam odio et reprehenderit sed assumenda. Tempora doloremque eius et.",5215464,5160,"Kenya Howell",0.66,"2019-01-28 04:11:17.981427","2019-01-28 04:11:17.981427"
21,"Ducimus consectetur rerum",1.0,"2016-10-11 00:00:00","Autem repellat accusantium esse qui fugit aut. Placeat eligendi vitae suscipit. Occaecati itaque ipsa. Occaecati debitis ut aut repudiandae deleniti labore est. Odio accusamus officia impedit dolorem illum animi. Nostrum dolorem soluta ut. Est quod qui adipisci quia nemo voluptate saepe. Amet unde et aut aut enim. Tempora hic minus id unde. Earum atque quae quas. Occaecati ullam dolorem veritatis sed omnis. Repellendus voluptatem nihil tenetur voluptatum et. Et velit quae sint consequatur. Sint dignissimos temporibus ut. Nulla vero eum rerum similique reiciendis et. Corporis aut cumque. Eaque asperiores natus minima est architecto sint doloribus. Illum voluptate iure voluptatem in soluta maiores placeat. In suscipit id assumenda doloremque sed voluptatem voluptas.",1048311,1052,"Marvin, Hegmann and Shanahan",0.17,"2019-01-28 04:11:17.987027","2019-01-28 04:11:17.987027"
22,Nihil,2.0,"2017-05-05 00:00:00","Iusto aperiam veniam enim quo. Modi nostrum ut veritatis velit in quas. Eos veniam voluptatum occaecati et nesciunt eligendi. Fugit et magni. Omnis beatae velit sit. Nesciunt dolores ratione aut assumenda voluptas beatae. Sed omnis est commodi repellat nulla id eos. Eaque in qui ab. Est consequatur eum. Porro nemo sit impedit unde voluptatem quam occaecati. Sit illo fuga sunt. Consequuntur aliquam cumque. Illo esse nobis amet quod. Non libero ipsum voluptatem similique odit doloremque sit. Ut sit similique.",2905704,9901,"Bartell LLC",0.3,"2019-01-28 04:11:17.994342","2019-01-28 04:11:17.994342"
23,"Nam aut maxime",2.0,"2016-03-18 00:00:00","Consectetur aut et ea vero dolorem architecto. Dolore officiis consectetur quia totam. Et dolor est omnis officiis. Atque vel sint. Aliquid architecto necessitatibus dolor mollitia sequi qui. Qui nihil eligendi inventore. Id qui velit est. Ut quia ipsum et. Iusto ducimus eum.",9779142,2149,"Chad Johnston",0.28,"2019-01-28 04:11:18.011371","2019-01-28 04:11:18.011371"
24,Hic,2.0,"2014-04-28 00:00:00","Repellat ipsa ut. Eum sequi aut quis est voluptas consequatur. Consequatur debitis sit. Saepe explicabo commodi. Impedit beatae fugiat voluptatum. Expedita et neque atque dolorem. Sequi sint dolores accusamus ut. Quasi odit ab voluptas molestiae. Numquam consectetur impedit. Voluptatem voluptatem blanditiis ipsum ipsam quia quo. Aut nulla cupiditate quia id. Libero id a sit ut et non dicta.",1089829,8798,"Trenton Larkin",9.6,"2019-01-28 04:11:18.014458","2019-01-28 04:11:18.014458"
25,"Molestiae et debitis",4.0,"2014-08-01 00:00:00","Accusantium ipsum rerum ipsam eligendi. Iste occaecati corrupti non quia. Nostrum at quae. Eos atque ut saepe. Quia soluta occaecati at quos laborum quis blanditiis. Voluptatem vero odit ea ut iusto aliquid. Et similique eum aperiam dolorem adipisci voluptas tempore. Vel unde quia. Laboriosam accusamus dolor qui. Veniam recusandae dolorem dolore occaecati aut inventore. Et tenetur ad voluptate commodi optio. Rerum laudantium vero maiores corporis earum. Beatae consectetur quia. Dolore qui a eveniet commodi.",3008568,7278,"Shawna O'Hara",3.8,"2019-01-28 04:11:18.017826","2019-01-28 04:11:18.017826"
26,"Qui eum non",2.0,"2016-10-21 00:00:00","Soluta dolor dignissimos accusamus. Enim vel eius doloribus nam et architecto distinctio. Atque nemo similique velit. Officia reprehenderit aut voluptas officiis impedit cupiditate. Sit quod qui neque. Fugiat unde voluptates et ex. Similique iste hic nisi cum eius aut aut. Expedita doloribus suscipit voluptas aliquam illo. Quis sapiente quam voluptatem nobis laboriosam ea qui. Aut at nobis dolor saepe esse commodi. Ut qui consequatur. Nihil veritatis dolores sit porro fugiat. Officia omnis sint quis ut pariatur impedit. Et illo ut. Sit labore aspernatur quibusdam est iure. Ut maiores doloribus optio. Esse et ad sunt minus harum voluptatem. Vero velit sapiente. Totam ut corrupti.",745684,1608,"Franecki, Baumbach and Ziemann",1.74,"2019-01-28 04:11:18.021091","2019-01-28 04:11:18.021091"
27,"Esse ea aut velit",2.0,"2017-08-14 00:00:00","Alias omnis rem. Beatae itaque optio ratione. Ut non magni ex omnis consequatur reiciendis. Omnis repellendus aspernatur totam vel. Eum voluptatum et ducimus hic enim nisi sed. Atque ut quae vitae minima voluptatum nisi. Sit voluptatem et sit. Mollitia optio id. Quisquam beatae expedita. Adipisci non dolorum reprehenderit aspernatur veniam ut. Dolor eum est qui dolorem cum rerum cumque. Quas accusantium laudantium. Et ullam possimus laboriosam sunt sit maiores expedita. Voluptas deleniti vel ea. Modi quia iusto eos suscipit similique aliquam quod. Est sequi nisi eos. Omnis eveniet molestiae eaque qui et aspernatur. Quis dolorem magnam iure doloremque consectetur quos. Officiis architecto deleniti. Qui et et voluptas sapiente placeat commodi. Reiciendis nihil est. Inventore voluptates occaecati sed repudiandae maxime. Sed aut quaerat laborum.",3954807,514,Murazik-Powlowski,9.7,"2019-01-28 04:11:18.024606","2019-01-28 04:11:18.024606"
28,"Vitae iusto",3.0,"2014-09-11 00:00:00","Reprehenderit nam perspiciatis accusamus et ipsa rerum. Ut nulla quis quasi. Molestiae impedit temporibus suscipit dicta perspiciatis reprehenderit. Ut blanditiis non consequatur dolorum necessitatibus doloremque. Optio recusandae dolorem pariatur sequi. Qui consequatur dolore. Necessitatibus nisi blanditiis. Cupiditate quidem sit. Praesentium aut nemo et. Et expedita maiores facere. Consequatur reprehenderit in. Quam ea omnis a cupiditate soluta animi. Sed necessitatibus sit odit. A sit quia vitae sunt quia. Et quia quaerat molestiae autem aliquid ut. Eum doloribus et enim consequatur error nostrum. Pariatur vel quo id et facere. Expedita reprehenderit blanditiis et ut sit quis molestiae. Sit dolores error quod. Architecto deserunt est qui.",7405971,7714,"Arno Boehm",7.3,"2019-01-28 04:11:18.028016","2019-01-28 04:11:18.028016"
29,"Vel optio",2.0,"2015-08-04 00:00:00","Soluta est quia possimus. Magnam ut voluptatum placeat quis qui. Sed dolor ex quis illum. Voluptatibus voluptas excepturi. Est id enim cum. Officiis unde rem doloribus adipisci eligendi dolorem quod. Saepe et quibusdam facilis id. Consectetur repudiandae saepe non ullam. Aut esse rerum. Ut facilis expedita aspernatur ipsa quaerat excepturi. Dolorum deleniti assumenda ut et fugit et. Tempora est aspernatur aperiam. Commodi quia velit in ipsum. Molestiae et dolores. Blanditiis nulla similique. Est aut similique. Dolorum soluta rem odio a ex quod. Nemo doloribus laborum vero sunt autem. Minus sint reiciendis minima quidem consequatur est non. Est iusto placeat laudantium. Est culpa rerum iusto sunt. Ipsa consequuntur culpa et enim non.",5321287,7146,"Ellis Price V",3.73,"2019-01-28 04:11:18.031025","2019-01-28 04:11:18.031025"
30,"Accusantium possimus perspiciatis qui",3.0,"2016-07-02 00:00:00","Suscipit doloremque hic sed dignissimos. Qui deleniti nihil delectus velit. Qui non pariatur sed quisquam. Libero magni iusto dolore sapiente. Voluptatem eaque enim molestiae temporibus aut ab tenetur. Aut dolor perferendis. Sequi quas ipsa ea fugit laboriosam et. Consequatur consequatur sunt qui quos. Nihil dolorem eum vero accusamus et et doloribus. Quibusdam error rerum neque a voluptas necessitatibus. Voluptatem consequatur placeat sequi eaque qui. Nostrum placeat est voluptatem ducimus. Fugit numquam ea est. Et architecto et quae. Autem corrupti eum voluptas sit dolorem in. Voluptas itaque porro magnam aut. Quo tenetur culpa. Dolor et modi debitis officia qui quisquam. Sed totam in dolores reprehenderit maiores. Esse nam quam incidunt quia explicabo officia ut. Aut non ratione.",289284,9881,"Fahey LLC",5.6,"2019-01-28 04:11:18.034096","2019-01-28 04:11:18.034096"
31,"Saepe consequatur aut sed",3.0,"2018-11-01 00:00:00","Quis veniam earum laboriosam numquam deleniti recusandae praesentium. Deserunt corporis et aut occaecati. Eos facere laboriosam similique. Explicabo doloremque veniam neque. Dolor eveniet quidem excepturi sed.",5145067,2005,"Crona, Corwin and Schumm",9.0,"2019-01-28 04:11:18.036913","2019-01-28 04:11:18.036913"
32,"Ut porro quos",1.0,"2017-03-11 00:00:00","Aliquam commodi id. Eius tenetur ipsum voluptas non qui ullam. Voluptatem molestiae illo fugiat. Ipsa eos ut. Veniam est a dignissimos autem ullam aliquam. Et molestiae quidem accusamus quos. Ut aliquid nihil modi consectetur et. Reprehenderit ipsum impedit. Odio quod consectetur. Facilis voluptatem ullam distinctio. Adipisci aspernatur aliquam et distinctio. Cum autem nihil nisi illum voluptatem dolore. Illum debitis molestias est ipsam repellendus alias. Et sint qui earum. Itaque recusandae doloribus est officiis. Eum sit alias iure quibusdam dolorem. Maiores natus nihil. Sint et beatae praesentium minus. Voluptatibus culpa et reiciendis.",1945189,2480,Monahan-Konopelski,0.38,"2019-01-28 04:11:18.039823","2019-01-28 04:11:18.039823"
33,"Veniam voluptatem fugit cupiditate",1.0,"2014-04-26 00:00:00","Optio aspernatur voluptas corrupti quod quia. Minima quis asperiores ad consequuntur. Molestiae sit dolores debitis. Quas sit quia ut quis quaerat ad commodi. Et voluptas sunt explicabo assumenda iste tenetur aut. Perspiciatis et temporibus. Doloremque quia temporibus aliquam deleniti numquam veritatis.",2949073,7114,"Lueilwitz LLC",0.5,"2019-01-28 04:11:18.042813","2019-01-28 04:11:18.042813"
34,"Occaecati voluptatem blanditiis optio",4.0,"2018-12-24 00:00:00","Deleniti et voluptas ad itaque dignissimos architecto. Consectetur quo illum voluptatum itaque tempore. Amet cum soluta omnis. Blanditiis quisquam amet fugit laborum minus sed voluptates. Quibusdam omnis modi ratione sit. Deserunt tempore omnis enim adipisci suscipit ratione. Sit assumenda est maiores eligendi ipsa id qui. Deserunt laudantium in sequi. Ad quis amet ducimus aut est. Voluptatem voluptatum recusandae. Est aut aliquid et fugiat sit minima. Et dolores odit dolor cumque dolorum. Minima laboriosam quo non at officiis eum. Aperiam suscipit adipisci officia voluptatem assumenda. Ipsam delectus nihil fugiat necessitatibus magni. Est provident molestiae est facere temporibus veniam. Quo ipsum id ab repudiandae porro amet recusandae. Aut beatae omnis et saepe. In voluptas voluptas ad maxime corporis. Illum officia neque. Quia maiores voluptatem.",5062382,9935,"Alejandrin Murphy",9.4,"2019-01-28 04:11:18.046334","2019-01-28 04:11:18.046334"
35,Debitis,4.0,"2015-06-26 00:00:00","Rerum aliquam tenetur dolor quibusdam rerum nostrum. Inventore sequi consequuntur in nulla nihil. Neque earum reiciendis eaque nihil suscipit culpa labore. Sit rerum et. Magni fugit reiciendis tempora ut error ut. Fugiat libero id a alias. Qui officiis totam voluptas id culpa voluptate. Consequuntur porro qui aliquam ducimus voluptate vitae aut. Saepe amet quibusdam accusantium. Veritatis perferendis eaque velit ea assumenda voluptatem. Commodi vel rerum nobis eaque. Voluptas consequatur quasi repellat. Numquam et saepe. Sunt minus ad rem doloremque rerum. Autem quas quam ea quaerat. Hic perspiciatis omnis et. Quasi facilis minima aperiam similique asperiores est nobis. Est officiis aliquid. Accusamus eum quas explicabo aspernatur unde non.",7105786,1257,"Cartwright Inc",9.7,"2019-01-28 04:11:18.049393","2019-01-28 04:11:18.049393"
36,"Et sequi",2.0,"2016-05-09 00:00:00","Officiis sed qui earum laboriosam nostrum accusantium. Ut asperiores maxime voluptatum. Eos quis aut aspernatur facere rerum. Non nesciunt delectus quia qui. Sequi eum et a. Deleniti ut tempore blanditiis ut nisi. Sint voluptatibus commodi qui. Est laboriosam iste consectetur laborum. Sapiente facilis impedit aliquam doloremque. Animi ut asperiores ut voluptas voluptatem aut et. Autem ea molestiae. Neque dicta inventore sed. Culpa id suscipit assumenda maxime. Iusto adipisci itaque nostrum. Et maxime sed accusamus facere nam quo. Voluptatem qui suscipit nihil similique et. Vitae sed qui laborum et cupiditate ab. Impedit nemo vitae sunt voluptas consequatur quod. Eos maiores non perspiciatis quisquam rerum. Sed debitis tempora possimus eligendi. Consequatur id odit illo. Consequuntur quis ab voluptas velit beatae consequatur qui.",1425838,1408,"McGlynn, Beatty and Reinger",3.3,"2019-01-28 04:11:18.052823","2019-01-28 04:11:18.052823"
37,"Excepturi laborum",2.0,"2018-02-10 00:00:00","Ut ea mollitia error officiis impedit provident totam. Exercitationem quia et quibusdam sed dolorem dolor. Magni quod et non. Maxime hic labore sint atque est quo aut. Et autem error officia hic. Voluptate et aut iusto autem minima. Pariatur recusandae voluptatem rerum ab. Nihil temporibus facilis in laboriosam et. Non rem consectetur aperiam voluptatem pariatur veritatis. Quo consequatur officiis praesentium saepe. Eveniet dolores et vel voluptatem dolorum.",677467,5351,"Lisette Schmitt",4.25,"2019-01-28 04:11:18.056255","2019-01-28 04:11:18.056255"
38,Voluptatem,1.0,"2014-05-17 00:00:00","Amet expedita suscipit fuga aliquam eius ullam architecto. Porro quis recusandae labore aut et reprehenderit quo. Eos sint vel autem eligendi unde quo. Dolor exercitationem rerum aut ex sint debitis dolorem. Alias iure voluptatibus voluptatem distinctio dolores et quia. Facilis necessitatibus veniam hic blanditiis. Dolore nemo cum harum possimus ea nesciunt. Ut quia iure iusto quidem accusantium. At omnis officiis. Sint nihil sit fuga quod. Sapiente explicabo ipsa nisi optio esse animi. Soluta fuga autem repellat maiores. Ad qui optio quis est non. Aperiam voluptatum maiores.",1231485,5348,Gerhold-Stoltenberg,6.4,"2019-01-28 04:11:18.059353","2019-01-28 04:11:18.059353"
39,Placeat,3.0,"2014-06-18 00:00:00","Blanditiis qui at dolor est. Exercitationem voluptates deleniti amet velit porro praesentium. Veritatis non dolorem deleniti illum. Voluptate recusandae non. Praesentium blanditiis pariatur consectetur sapiente. Libero unde et eos assumenda aliquid quisquam. Facere quod dicta. Non quia mollitia iste voluptas ipsa qui hic. Aliquid tenetur dolor non. Dolores itaque quia. Repellat quibusdam tempore vel dicta. Cupiditate exercitationem quod sapiente enim quia. Aperiam est reprehenderit et vitae porro. Delectus ex deserunt. Voluptates eum cumque iure nobis voluptatem et. Omnis corporis quia molestiae.",8212891,993,"Americo Steuber Sr.",5.7,"2019-01-28 04:11:18.062340","2019-01-28 04:11:18.062340"
40,"Quisquam consequatur",3.0,"2017-03-05 00:00:00","Pariatur doloremque aut veritatis veniam accusantium molestias. Ipsam velit et est. Quibusdam fugit quis nisi quia. Autem assumenda non omnis fuga. Earum vitae atque dolorem assumenda qui quos omnis. Magni qui cum molestias asperiores voluptate sit expedita. Assumenda repudiandae fuga repellat ex dolor eligendi. Culpa dolor blanditiis nesciunt pariatur et dolorem. Sed id dolores enim. Voluptatem vero molestias eum ut autem ex. Quo eos pariatur ratione ut aspernatur nobis veritatis. Occaecati iure qui libero assumenda maiores ad. Voluptate ipsa unde. Quia eligendi voluptates quibusdam. Suscipit ut sunt hic. Dolor eum est. Reiciendis iste dolor dignissimos voluptatum aperiam ipsam.",4412474,9824,"Bailey and Sons",1.01,"2019-01-28 04:11:18.065364","2019-01-28 04:11:18.065364"
41,"Et aliquam",4.0,"2016-09-09 00:00:00","Eum inventore ipsam assumenda enim repellat. Commodi est repudiandae omnis et. Veniam ad ipsum recusandae est exercitationem. Aliquid voluptatem distinctio vel dolor. Vel et quod assumenda libero. Rerum provident occaecati. Iste maiores est voluptatibus. Nemo maxime tempore corporis. Quo non fuga quod expedita est consequuntur. Quia maiores omnis quo non aperiam. Nihil id et. Rerum et sint reprehenderit porro molestiae. Non animi et voluptatem soluta officiis ipsum molestiae. Sed officiis omnis soluta minus ut illo molestiae. Non cupiditate sed. Quidem accusantium aliquam. Quasi quia corrupti odit cupiditate at laboriosam reiciendis. Exercitationem laboriosam ipsum. Voluptas necessitatibus hic aut qui iusto. Sunt saepe incidunt qui dignissimos dicta et asperiores. Nisi fugit et eum. In eum harum molestiae earum. Necessitatibus delectus alias in. Incidunt qui mollitia dolor voluptatem perspiciatis et inventore.",4006140,2306,Jaskolski-Hahn,0.47,"2019-01-28 04:11:18.069256","2019-01-28 04:11:18.069256"
42,"Quaerat consequatur",4.0,"2018-02-18 00:00:00","Ut quos aspernatur vel sint quia consequatur aut. Exercitationem laboriosam praesentium. Asperiores vero officia. Qui modi necessitatibus eveniet pariatur. Aliquid voluptas commodi quo sit blanditiis rerum.",1478858,2052,"Boehm, Beier and Murphy",7.8,"2019-01-28 04:11:18.072145","2019-01-28 04:11:18.072145"
43,"Architecto est",2.0,"2018-10-02 00:00:00","Enim aliquid ab dicta nesciunt quis quasi nostrum. Totam maxime id. Voluptates fugiat ab minus et. Sed reprehenderit delectus recusandae harum. Ea nihil cumque cum tenetur inventore. Officia fugit exercitationem iure aut. Suscipit eum et. Nisi odio et. Quibusdam blanditiis quas repellat quo reprehenderit hic culpa. Accusantium aspernatur occaecati reiciendis laudantium illo dolores. Maiores sunt est repellendus architecto officiis. Totam et non dolor natus necessitatibus. Facere atque eos voluptas. Quia quibusdam illo. Cumque nam velit cupiditate ut expedita quia quo. Est hic repellat. Ut facere eum praesentium ad. Laudantium vel expedita. Qui perferendis occaecati dicta officiis dolores nihil rerum. Iusto commodi rerum natus sint. Omnis porro cum dolore excepturi sunt. Itaque voluptatem repellendus non. Id architecto nam enim nihil voluptas non. Voluptas cumque recusandae eius molestiae.",7735880,327,"Bergstrom and Sons",9.0,"2019-01-28 04:11:18.075336","2019-01-28 04:11:18.075336"
44,"Explicabo ad",1.0,"2014-10-28 00:00:00","Est excepturi sunt ipsum esse omnis iure dolore. Nemo cupiditate sapiente. Laborum id rerum similique modi sed commodi ratione. Doloremque sapiente nesciunt. Esse et dolor tempora. Consectetur hic voluptas exercitationem. Quibusdam dolore quaerat explicabo rerum adipisci. Quia et perspiciatis qui ea eos quis. Voluptas quo enim. Qui odit excepturi ut voluptas. Voluptatibus ab aliquam voluptatum. Est iure sint sit similique architecto saepe officia.",4133785,1896,"Efrain Hills I",0.46,"2019-01-28 04:11:18.078451","2019-01-28 04:11:18.078451"
45,Dolorum,4.0,"2015-02-15 00:00:00","Ut iste id harum. Tempore dolor itaque aliquam dignissimos possimus. Quos magnam ratione eos vel. Minus a id. Rerum autem doloremque ducimus animi fugiat aliquam officia. Explicabo dolores voluptatem asperiores dolor dolorum consequatur. Consequatur quia odio itaque. Mollitia suscipit omnis dolores placeat. Molestias placeat ad. Dolores quia laudantium voluptatem in id est amet. Saepe quia fugiat ipsa quo et maiores. Dolorem culpa quam aliquam maxime ea veniam.",6364959,8493,"Kristin Wiza",0.5,"2019-01-28 04:11:18.081671","2019-01-28 04:11:18.081671"
46,Dolore,5.0,"2015-03-04 00:00:00","Rem quia facilis iste. Voluptatibus cupiditate enim laborum aut quo cumque repellendus. Culpa porro neque voluptatem eaque cupiditate et non. Dolorum facilis sunt quia. Maxime qui voluptatem iusto eius corrupti sit id.",8676573,5220,"Katlynn Hyatt",4.0,"2019-01-28 04:11:18.084374","2019-01-28 04:11:18.084374"
47,"Incidunt neque",2.0,"2016-10-22 00:00:00","Animi eum dolores nihil ratione id inventore. Recusandae velit labore nulla consequatur rerum nisi. Rerum non et et nemo molestiae repudiandae. Dolores explicabo voluptatem deleniti eius veniam. Eos quasi sint aut. Aut consequatur autem laborum. Quasi necessitatibus quia beatae culpa exercitationem sint dolor. Corporis maxime quaerat asperiores voluptas optio omnis. Qui distinctio impedit sed iste labore. Asperiores ut blanditiis cupiditate est. In est molestias. Nostrum fugit rerum perspiciatis nulla. Rerum esse voluptatum modi saepe sunt molestiae. Debitis est velit repellat voluptatum tempore aliquam. Est quas voluptatum adipisci. Et laboriosam dignissimos odit. Et vitae dolores. Veritatis ratione non explicabo delectus. Velit libero consequatur voluptatem. Suscipit deserunt non voluptates voluptatem deleniti esse. Enim veniam architecto ipsam sunt. Dignissimos magni error fugiat sint facere enim labore.",4662950,696,Veum-Bradtke,4.7,"2019-01-28 04:11:18.087884","2019-01-28 04:11:18.087884"
48,"Quia deserunt corrupti",3.0,"2015-08-28 00:00:00","Commodi aut blanditiis. Ut quas cum et dignissimos nihil odit et. Ea explicabo delectus. Velit maxime voluptatem beatae nihil nobis. Quis est maiores aut. Optio natus in. Voluptas minus mollitia aliquid. Id ipsum repellat. Voluptas asperiores labore placeat nobis illum. Non debitis inventore incidunt earum. Voluptas consectetur eaque quaerat. Et praesentium ut fugiat inventore perspiciatis. Omnis rem quis ipsa nostrum natus occaecati minus. Architecto modi voluptatem corrupti et cupiditate voluptatibus. Animi quo id nulla a. Nobis sed dolores ducimus maiores eos ut. Doloremque officia in soluta recusandae quia nesciunt. Voluptatem sit repellat provident nisi rerum unde ut. Ratione mollitia iusto ipsa velit aspernatur accusamus omnis. Magni iste animi provident omnis dolores voluptate et.",9717618,8618,"Dr. Oswald Turcotte",0.62,"2019-01-28 04:11:18.091624","2019-01-28 04:11:18.091624"
49,"Eos aut tenetur doloribus",4.0,"2017-06-12 00:00:00","Non facilis quos ut id optio. Nisi exercitationem et rerum. Odio rerum omnis quia dolorum eum. Qui quasi aliquid rerum rerum. Ipsa inventore velit qui aut. At facilis eum. Aut mollitia dolore. Omnis dolorem nulla dolores cupiditate et. Omnis enim non doloremque. Sequi placeat consectetur exercitationem qui. Quibusdam adipisci est.",6944601,4540,"Jerde, Nader and McLaughlin",0.6,"2019-01-28 04:11:18.094732","2019-01-28 04:11:18.094732"
50,"Magni quidem",2.0,"2017-02-25 00:00:00","Nulla ipsam iure numquam doloribus. Quod qui nulla magnam deserunt. Odit dolores harum voluptatem aut eveniet maxime. Et et quia consequuntur illo et quas. Tempore quas quia est molestiae et maxime qui. Et est vel aliquid sit corrupti iusto. Ut et et est molestiae. Corporis porro praesentium tempora dolores ut optio. Dolorum exercitationem dignissimos qui repellat quia vel. Autem autem quia quidem optio aut consequuntur temporibus. Sunt assumenda sed. Ea nam consequatur non asperiores maiores illo. Placeat quis nostrum est odit laudantium. Eum omnis sit iste officia aliquam natus magni. Quisquam minima est non. Alias adipisci consectetur ab nihil. Alias omnis excepturi repellendus reiciendis veniam. Quas quia amet quasi.",7269169,9415,"Demarco Schowalter",9.4,"2019-01-28 04:11:18.097756","2019-01-28 04:11:18.097756"
51,Consequatur,4.0,"2018-07-17 00:00:00","Labore quisquam blanditiis quas. Et assumenda alias in. Blanditiis cum consectetur sapiente. Dolorem accusamus ut iste. Et fugit minus consequuntur. Nam aperiam laborum odio voluptates velit hic. Magnam voluptatem minima molestiae dolor deserunt incidunt. Qui voluptates quis tenetur. Quisquam non enim minus. Dolorem quod sunt itaque. Eos mollitia totam et molestiae voluptates ex laboriosam. Quisquam nostrum veritatis adipisci ea. Eum sapiente odit vel. Tempora quis adipisci eveniet. Labore est voluptas culpa architecto aspernatur. Nulla perferendis sapiente est. Et exercitationem rem ut quae. Esse voluptatem corporis rem. Et inventore numquam ex repudiandae enim. Et maxime voluptatibus. Id quo et rerum nemo voluptas amet consequatur.",2501775,9238,"Dion Conroy",3.0,"2019-01-28 04:11:18.100890","2019-01-28 04:11:18.100890"
52,Esse,3.0,"2016-03-04 00:00:00","Nihil nobis qui expedita veniam. Delectus ea officiis dolor. Odio non quis incidunt rem. Dicta repudiandae eius necessitatibus dolore consequuntur eum. Omnis animi delectus repellat tempora nulla eos. Consequatur ipsa maxime eos laudantium. Sed corporis autem corrupti est quaerat iste. Vero ratione magni. Ipsa laudantium magnam explicabo. Sunt cupiditate vitae sapiente ut dolorem quidem reprehenderit. Ex eius tempora qui et voluptas. Assumenda occaecati molestiae harum nemo consectetur similique.",2600499,4730,"Dr. Katharina Schinner",5.3,"2019-01-28 04:11:18.104036","2019-01-28 04:11:18.104036"
53,"Odio voluptates reiciendis",2.0,"2015-05-31 00:00:00","Est quia ullam consequatur suscipit tempore non inventore. Sit esse officiis. Omnis maiores harum dolor dignissimos officiis. Veniam consectetur inventore laudantium impedit nisi. In assumenda fuga. Ea assumenda minima omnis et aut fugiat. Excepturi error suscipit qui illo natus id.",7118640,7459,Auer-Prosacco,2.4,"2019-01-28 04:11:18.108510","2019-01-28 04:11:18.108510"
54,"Recusandae neque qui fugit",5.0,"2017-05-02 00:00:00","Modi et perferendis nihil voluptatem. Quo neque vero dolor nostrum sunt eos voluptatem. Excepturi quos aspernatur odit. Et error repellat ut quis aut. Nulla officiis blanditiis est voluptatum voluptatem amet. Odit velit dignissimos ea maxime. Et nihil deleniti. Delectus id magni qui repellendus. Eos dolor omnis pariatur illo fuga veniam architecto. Blanditiis ut perferendis maxime quasi. Quis molestiae ducimus. Eum fugit veritatis voluptates. Blanditiis aut omnis impedit est non. Iure eum dolor omnis et aperiam. Neque quia sed velit. Quasi fugit assumenda. Nostrum velit nulla et ullam repellat aspernatur cumque. Aperiam eaque est aut mollitia a alias deleniti. Impedit veritatis quas id modi fugit dolorem tenetur. Ea optio quia provident excepturi ipsam possimus. Suscipit est et ad. Error repellendus consequatur corporis. Et iusto dolor. Optio molestiae nesciunt hic facere.",8480074,3040,Considine-Kozey,1.61,"2019-01-28 04:11:18.112319","2019-01-28 04:11:18.112319"
55,Sapiente,5.0,"2014-12-26 00:00:00","Modi ut et consequatur. Expedita repudiandae nemo est et repellat. Asperiores corrupti qui dolore et. Ut et necessitatibus. Autem sit nihil laborum. Tenetur perspiciatis accusantium sint odio error rerum voluptatem. Quia est iste. Nobis aut provident culpa assumenda quibusdam aut laborum. Aliquam et rem sit. Enim consequatur possimus non dolorem quis est. Dolorum sed repudiandae molestias illo. Vero illum rerum et culpa. Quisquam dolores voluptatum. Autem quaerat vel est at provident voluptatem mollitia. Repudiandae vero aliquam et nihil.",918128,8152,"Eichmann and Sons",0.7,"2019-01-28 04:11:18.115320","2019-01-28 04:11:18.115320"
56,"Dolorem nemo accusamus",1.0,"2015-09-16 00:00:00","Pariatur similique culpa non architecto eos. In sed nobis consequuntur. In eos suscipit iusto reprehenderit et iste quia. Autem incidunt cupiditate. Minima iste quod. Et sequi voluptatem voluptas quisquam ut. Temporibus eius animi earum veritatis delectus quidem. Nostrum iusto doloremque libero aut ad. Illo cum quae aut delectus vitae inventore ratione.",678870,9380,"Ashlynn Emmerich I",8.1,"2019-01-28 04:11:18.118330","2019-01-28 04:11:18.118330"
57,"Et fugiat pariatur nemo",1.0,"2017-12-25 00:00:00","Et soluta iusto animi consequatur voluptas aliquam sint. Atque et facere. Dolores ipsam maxime ex nobis voluptatem dolorem. Eum at commodi iste voluptatem. Enim sint dicta excepturi. Enim nam dicta. Enim laboriosam mollitia. Eaque deserunt in. Quidem culpa vitae praesentium.",8316949,512,"Ward, Bashirian and Stiedemann",0.1,"2019-01-28 04:11:18.121176","2019-01-28 04:11:18.121176"
58,Vel,3.0,"2014-12-30 00:00:00","Mollitia asperiores dolorem neque sit sunt. Quidem debitis iusto sequi delectus non. Adipisci consequatur odio pariatur vitae voluptatem et sit. Maxime quasi quaerat animi. Rem est ut. Saepe recusandae impedit. Maiores voluptatum labore fuga libero officiis quis. Et aut provident qui earum blanditiis. Qui hic quia blanditiis. In dolores distinctio pariatur libero. Autem et in iste porro placeat. Vel sunt tenetur ex id animi quia. Excepturi libero nostrum sint accusantium aut. Debitis rerum quis et. Ab ut quibusdam laborum error neque est quis. Officiis error numquam. Fuga qui amet. Sed unde odit facilis accusantium maiores. Fugit est minus quia et minima beatae occaecati. Est sit quo explicabo consequuntur in totam. Est expedita aspernatur velit et atque. Eum id consequatur explicabo est. Aut nam quia. Qui sint assumenda aut nostrum voluptatem veritatis maxime.",9457061,3541,"Concepcion Mertz DVM",0.16,"2019-01-28 04:11:18.124646","2019-01-28 04:11:18.124646"
59,"Reiciendis iure ad",2.0,"2017-03-20 00:00:00","Saepe rerum totam fuga consequatur. Iure aut accusamus ea modi. Sit odio quas vero veniam. Iusto id incidunt tenetur. Quaerat quia sit in dolorem repellat quod. Numquam dolores sint sapiente incidunt. Laudantium provident est quod qui quae eos ut. Est est qui eveniet perferendis ullam atque enim. Et voluptate dolores nihil eos quia. Saepe nisi quas animi voluptas. Id et ut facilis sit. Quas fugiat unde illo. Excepturi necessitatibus consectetur.",5592188,9714,"Mrs. Cecil Roob",0.1,"2019-01-28 04:11:18.127922","2019-01-28 04:11:18.127922"
60,"Laudantium qui vero quia",4.0,"2016-01-30 00:00:00","Ea quasi iusto in suscipit sint modi dicta. Deserunt consequatur dolores quasi. Corrupti aut suscipit debitis. Vel ut mollitia laudantium explicabo. Iste dolore quisquam. Qui voluptate sit. Quas praesentium hic. Omnis illum qui consequatur laudantium dolorem mollitia. Illum laborum voluptatem cum. Est non et perferendis. Voluptatem ducimus dolor cum delectus qui rem. Molestiae quasi perspiciatis laboriosam. Aut voluptatem et.",7443012,9988,"Jena Conroy",8.1,"2019-01-28 04:11:18.130919","2019-01-28 04:11:18.130919"
61,Dolor,1.0,"2015-03-19 00:00:00","Rerum ad earum. Deserunt eveniet consequatur. Autem ad iure est optio explicabo et. Quo porro eos cupiditate reprehenderit qui. Esse nisi ut voluptas saepe dolore. Dolor facilis porro aut repellendus ut quidem. Laboriosam id repellat a sint. Minus dolor et sint in porro. Minima et voluptatibus ex reprehenderit illum. Cum nulla qui vitae facere omnis aliquam consequuntur. Aperiam id nam non cupiditate doloremque. Nulla quia consequatur dicta et sit voluptatibus explicabo. Magnam porro sit non.",5127178,4206,Sanford-Kiehn,1.04,"2019-01-28 04:11:18.133862","2019-01-28 04:11:18.133862"
62,"Molestiae molestiae",3.0,"2017-03-04 00:00:00","Porro et et sint recusandae iure qui ea. Magni error impedit iste minima. Eos fugiat incidunt voluptas pariatur. Assumenda ut dolores tempora reiciendis atque est deserunt. In qui excepturi occaecati aut. Consequatur vel animi labore sed harum. Vel blanditiis voluptatem sed. Temporibus vero qui in. Vel et harum voluptatibus doloribus est magni quis. Quibusdam nesciunt vitae atque quo. Veritatis nesciunt ipsum aperiam sit et voluptas ex. Rerum sit dolores animi similique. Eos ut inventore voluptatem accusamus molestiae esse consequatur.",5024360,8361,"Sawayn and Sons",3.37,"2019-01-28 04:11:18.137282","2019-01-28 04:11:18.137282"
63,"Placeat voluptatem provident error",1.0,"2016-07-12 00:00:00","Et eius minima animi rerum est. Et sit eum. Sint voluptas et incidunt porro molestiae ullam explicabo. Sed nostrum at. Quibusdam maiores nihil quas ut quae. Ut atque quo molestiae non enim. Quae voluptatem ut qui ipsum incidunt adipisci consequatur. Tenetur molestiae aut impedit cupiditate quas fuga. Odio soluta praesentium voluptas enim et iure officiis. Molestias in earum expedita. Quas sunt hic sapiente dicta voluptatem. Quo aut id sequi quia. Voluptas qui nesciunt recusandae nemo dolores earum ad. Et illo qui soluta dolorem amet sunt.",6417513,1634,"Yundt and Sons",0.9,"2019-01-28 04:11:18.140465","2019-01-28 04:11:18.140465"
64,"Quia aut",3.0,"2015-05-16 00:00:00","Ratione quibusdam vero unde blanditiis ab qui. Delectus laudantium autem quam corrupti provident. Illum qui porro aut. Aut qui dolorem dolores. Eos exercitationem ut atque provident. Unde atque libero suscipit ea sunt. Nisi qui voluptatum id doloremque consequatur maxime. Reiciendis minima non et voluptatum. Alias provident voluptas expedita ex iure. Quia provident dolores dolor et ratione doloremque ab. Voluptas quibusdam dolorem. Incidunt et tempore totam adipisci. Harum ut facilis aut iure. Ipsum nam omnis laboriosam dolor ut quo. Possimus et nostrum qui. Nobis ut quia. Consequatur iste aut suscipit qui nemo ea. Blanditiis dolorum similique tempore labore est.",8343036,1914,"Funk Inc",2.66,"2019-01-28 04:11:18.143624","2019-01-28 04:11:18.143624"
65,Quas,2.0,"2014-01-28 00:00:00","Eum debitis in sunt explicabo blanditiis. Eum ut cumque deserunt nobis dolor ducimus quidem. Consequatur debitis maxime eveniet aut facere. Aliquid aliquam non. Voluptates in consequuntur voluptas. Dolor esse est. Non et voluptatem est atque rem ratione et. Iusto eos est cum ut perferendis aperiam similique.",8145082,1883,"Crooks Group",0.5,"2019-01-28 04:11:18.146396","2019-01-28 04:11:18.146396"
66,Amet,5.0,"2017-07-03 00:00:00","Aliquid ullam quas voluptatem molestiae. Nisi deserunt ea. Qui placeat alias soluta et. Dolorem laudantium voluptatum necessitatibus. Molestiae omnis inventore ut et. Nobis repudiandae odit qui et. Dolor amet id consequuntur. Nesciunt repellendus saepe ut inventore aspernatur sit. Dolor nam dolores assumenda voluptatibus tenetur. Dignissimos omnis modi provident. Porro ducimus architecto tempore placeat autem. Quisquam ratione ut accusantium dicta. Ut eum quas quia ea et laborum. Similique delectus et voluptas possimus. Corporis sint est aut sunt quas rerum sequi. Veritatis enim assumenda ab. Sed eaque quos. Esse inventore est non. Consequuntur aperiam rerum quia ullam corporis. Cum aut adipisci. Autem laborum sunt inventore eos itaque. Eligendi et tenetur aut quidem natus. Distinctio qui omnis omnis.",4665515,7182,"Aufderhar LLC",6.3,"2019-01-28 04:11:18.150188","2019-01-28 04:11:18.150188"
67,Quod,5.0,"2018-01-26 00:00:00","Labore assumenda odio quo nostrum distinctio expedita consequatur. Aliquid velit eos autem excepturi iusto aut qui. Aspernatur impedit quam qui porro blanditiis. Et perferendis alias similique sed. Fugiat quidem quas asperiores. Eius ducimus in dicta vel perspiciatis. Nesciunt voluptas repudiandae suscipit. Atque delectus nulla aperiam est impedit placeat. Et asperiores minus aliquam. Sed et voluptatem rem at quisquam. Sunt harum nobis voluptas ut fuga ab. Consequatur incidunt qui exercitationem. Consectetur praesentium quos consequuntur. Ipsa enim vel cumque qui nisi qui est. Accusantium ullam ut voluptate esse et. Illum non nulla non aliquid.",4900304,4451,"Mr. Camilla Waelchi",3.2,"2019-01-28 04:11:18.153194","2019-01-28 04:11:18.153194"
68,"Qui voluptas facere",5.0,"2014-02-09 00:00:00","Dicta veniam aut optio voluptatem iure. Facilis suscipit dolor quisquam et. Vero qui aperiam earum harum. Reprehenderit vero voluptate eos eligendi ipsam. Accusantium nihil eius perferendis et quas non nisi. Dolorem et magnam et. Et enim inventore veniam non dolor vel. Omnis debitis sint perspiciatis assumenda quia corrupti. Eius architecto quibusdam. Laboriosam asperiores nostrum libero. Odio nemo eum a et corrupti voluptatibus sed. Velit mollitia harum fuga. Vitae asperiores corrupti adipisci cupiditate doloribus possimus. Sed nihil repellat delectus. Quia quidem nihil. Sequi quia eaque mollitia expedita temporibus dolores. Occaecati non sed vero rerum quae consequatur. Maiores quis illum laboriosam. Unde repudiandae velit adipisci.",2440370,4770,"Dr. Wilburn Ullrich",8.3,"2019-01-28 04:11:18.156372","2019-01-28 04:11:18.156372"
69,Quia,5.0,"2015-12-13 00:00:00","Quas eaque magni quia dolorum aut commodi consequatur. Dignissimos totam vero dolores debitis sit. Consequatur quos a perspiciatis eligendi. Cum iure temporibus occaecati aut harum maxime. Recusandae dolorem dolorem occaecati. Enim corporis voluptatibus error et occaecati doloremque. Molestiae corrupti perferendis eum autem neque repellendus. Et hic dolorem. Porro aperiam voluptates. Numquam officia iusto a. Voluptas eveniet adipisci quam est sit eligendi voluptatum. At et repudiandae. Quis placeat quia provident quaerat sit vitae. Ut maxime aut enim accusamus eos deleniti et. Molestiae autem quod accusantium ea repudiandae assumenda. Neque cum vitae.",9924721,7321,Terry-Casper,0.78,"2019-01-28 04:11:18.159695","2019-01-28 04:11:18.159695"
70,Ut,1.0,"2014-10-04 00:00:00","Minus aspernatur quia non voluptatum. Nemo reprehenderit vel est officiis et asperiores. Ut dolor nesciunt est qui sed consequuntur eligendi. Enim et sint accusamus occaecati nisi labore. Recusandae et non temporibus suscipit quam deserunt. Ex quod tempore. Sit illo nulla. Non ut rerum ut minima ipsum facilis. Harum quisquam vel eveniet ut iste. Repudiandae et nihil consequuntur sed facilis. Vel rerum expedita maiores architecto eius delectus. At dicta aspernatur sed veniam consectetur quibusdam. Accusantium animi vel et voluptas. Aspernatur dolore eaque. Nesciunt neque est dolorem ab. Et tenetur possimus vitae nihil harum quod. Recusandae voluptatem at dignissimos incidunt nihil. Et nam aut aut porro error. Quo et velit voluptatibus mollitia et magni. Repellat occaecati dolorem sed. Ex nam nihil iste suscipit at. Praesentium in voluptatibus qui veritatis dolores aliquid exercitationem. Id sit et quisquam quidem omnis ratione quas. Magni sed omnis quod vel sit quia.",7560219,2393,Streich-Walter,0.6,"2019-01-28 04:11:18.163067","2019-01-28 04:11:18.163067"
71,"Assumenda aut consequatur eveniet",2.0,"2015-11-25 00:00:00","Deleniti quas tempora autem quia. Eum corporis vero ut amet ipsum nisi. Provident ex consequatur ut mollitia iure facere temporibus. Et mollitia velit dicta porro et amet totam. Sit sequi voluptas delectus et. Et perferendis eveniet quas optio consequatur consequatur. Molestiae beatae aut voluptatem necessitatibus. Eos omnis repellendus id voluptatem quam non sed. Maiores facilis vel voluptatem quo natus. Aliquid optio fugit voluptas eaque non. Blanditiis veniam quaerat laboriosam doloribus sed. Dolore dolorum velit nam omnis.",1532042,4387,Cartwright-Pagac,0.54,"2019-01-28 04:11:18.165941","2019-01-28 04:11:18.165941"
72,"Voluptas fugiat",1.0,"2018-09-02 00:00:00","Ut dignissimos laudantium voluptatem. Dicta dolores quod id iure necessitatibus eius quasi. Autem velit reprehenderit officia cupiditate. Tempora dolorem ut. Voluptatibus voluptatum cupiditate tempora. Voluptate nostrum illum ipsam qui at incidunt. Esse fugit adipisci quis. Fuga ipsum beatae odit et et ut natus. Voluptatem vel ratione architecto eos ut quisquam minima. Voluptates ex provident aut. Maiores harum fugit modi ipsa dolorem. Enim asperiores assumenda et quos ratione voluptatem. Quaerat mollitia ut consequatur molestiae iste ea repellendus. Fuga voluptas voluptatem. Non debitis sunt atque placeat sed. Dolorem laboriosam consequatur nostrum illum asperiores. Est sint ea nostrum asperiores. Necessitatibus voluptas ex ullam in assumenda voluptatem. Consequatur aut non corporis iusto. Temporibus voluptatem aut quis sed praesentium. Voluptatem non iure. Et esse omnis necessitatibus et architecto. Earum rerum placeat velit provident sit. Maxime debitis a at.",4039462,2818,"Ratke, Leuschke and Miller",5.7,"2019-01-28 04:11:18.169054","2019-01-28 04:11:18.169054"
73,"In culpa qui dicta",2.0,"2015-05-15 00:00:00","Magni quia quis velit iure. Ipsa commodi et sint vel consequatur et tempora. Ut occaecati maiores non aut est. Nobis et aliquam ab corporis. Possimus doloremque et ipsum. Laudantium est adipisci fuga. Ut omnis nam eum quo odio cupiditate velit. Neque nihil ut facilis. Expedita consequatur magni voluptas ipsum corporis nisi aspernatur. Id natus in libero qui consequatur similique. Nesciunt corporis voluptate. Illo perspiciatis itaque autem est recusandae perferendis voluptatem. Quae sed autem. Eos qui harum non culpa. Qui qui incidunt maiores pariatur culpa quos rerum. Placeat illum consequatur. Sit debitis culpa aliquam sed quia similique iure. Officia et sunt sit repudiandae itaque.",1403271,3723,"Mrs. Krystal Kutch",0.77,"2019-01-28 04:11:18.173264","2019-01-28 04:11:18.173264"
74,Velit,2.0,"2017-04-26 00:00:00","Ut atque aut facilis et occaecati dolor eveniet. Totam et laborum aut. Veritatis et mollitia deserunt rerum sapiente. Nemo ut temporibus doloremque. Consequuntur quisquam itaque consequatur nam. Nam aut harum quia mollitia omnis. Quos officiis vel quia possimus rerum. Similique aut repudiandae quos occaecati quae. Voluptatibus pariatur eaque quis reiciendis ad.",3793686,8995,"Kuvalis Inc",1.04,"2019-01-28 04:11:18.176410","2019-01-28 04:11:18.176410"
75,Ipsum,1.0,"2017-03-22 00:00:00","Aspernatur fuga deserunt nihil aut assumenda blanditiis. Omnis sequi est id quia esse. Eveniet eos magni et ipsa. Ipsam nisi sunt est rerum porro officiis sit. Quaerat nemo beatae eveniet rerum reiciendis. Explicabo delectus et illo neque qui officiis dolorum. Nam possimus excepturi dignissimos sed. Temporibus a doloribus ad recusandae minus dolorem. Nihil distinctio vitae atque corrupti fuga. Voluptas nam assumenda non sint quas aut odit. Omnis minus est eius. Ea repellendus animi dolorem amet eum. Eos ut magnam dolore suscipit. Qui voluptatibus consectetur eaque. Mollitia quia veniam qui quisquam sunt. Ut corrupti ullam. Voluptates ad iste ut. Beatae iure est vel cumque. Velit et quibusdam dicta est sapiente. Officia quia explicabo mollitia et eaque modi. Cum repudiandae quia quibusdam. Voluptate assumenda perferendis maxime aut. Autem doloremque dignissimos in est consequuntur quo.",3290038,1728,"Agustin Stark",4.55,"2019-01-28 04:11:18.179616","2019-01-28 04:11:18.179616"
